<?xml version="1.0" encoding="UTF-8" standalone="yes"?>
<a:clrScheme xmlns:a="http://schemas.openxmlformats.org/drawingml/2006/main" name="AZUSA for Mac_ColorScheme"><a:dk1><a:srgbClr val="FFF3DD"/></a:dk1><a:lt1><a:srgbClr val="2F3145"/></a:lt1><a:dk2><a:srgbClr val="FFFFFF"/></a:dk2><a:lt2><a:srgbClr val="2DA87D"/></a:lt2><a:accent1><a:srgbClr val="FFFFFF"/></a:accent1><a:accent2><a:srgbClr val="FFFFFF"/></a:accent2><a:accent3><a:srgbClr val="FFFFFF"/></a:accent3><a:accent4><a:srgbClr val="FFFFFF"/></a:accent4><a:accent5><a:srgbClr val="FFFFFF"/></a:accent5><a:accent6><a:srgbClr val="FFFFFF"/></a:accent6><a:hlink><a:srgbClr val="FFFFFF"/></a:hlink><a:folHlink><a:srgbClr val="FFFFFF"/></a:folHlink></a:clrScheme>